Timestamp,Email,First Name ,Last Name,,Block 1,Block 2,Block 3,Block 4
21-Mar,example1,a,z,,1 - Mass Incarceration,,,
22-Mar,example2,b,y,,1 - Mass Incarceration,,,
23-Mar,example3,c,x,,1 - Mass Incarceration,,,
24-Mar,example4,d,z,,1 - Mass Incarceration,,,
25-Mar,example5,e,y,,1 - Mass Incarceration,,,
26-Mar,example6,f,x,,1 - Mass Incarceration,,,
27-Mar,example7,g,z,,1 - Mass Incarceration,,,
28-Mar,example8,h,y,,1 - Mass Incarceration,,,
29-Mar,example9,i,x,,1 - Mass Incarceration,,,
30-Mar,example10,j,z,,1 - Mass Incarceration,,,
31-Mar,example11,k,y,,1 - Mass Incarceration,,,
1-Apr,example12,l,x,,1 - Mass Incarceration,,,
2-Apr,example13,m,z,,1 - Mass Incarceration,,,
3-Apr,example14,n,y,,1 - Mass Incarceration,,,
4-Apr,example15,o,x,,1 - Mass Incarceration,,,
5-Apr,example16,p,z,,1 - Mass Incarceration,,,
6-Apr,example17,q,y,,1 - Mass Incarceration,,,
7-Apr,example18,r,x,,1 - Gratitude is the Attitude,,,
8-Apr,example19,x,z,,1 - Gratitude is the Attitude,,,
9-Apr,example20,t,y,,1 - Gratitude is the Attitude,,,
10-Apr,example21,u,x,,1 - Gratitude is the Attitude,,,
11-Apr,example22,v,z,,1 - Gratitude is the Attitude,,,
12-Apr,example23,w,y,,1 - Gratitude is the Attitude,,,
13-Apr,example24,x,x,,1 - Gratitude is the Attitude,,,
14-Apr,example25,y,z,,1 - Gratitude is the Attitude,,,
15-Apr,example26,z,y,,1 - Gratitude is the Attitude,,,
16-Apr,example27,a,x,,1 - Gratitude is the Attitude,,,
17-Apr,example28,b,z,,1 - Gratitude is the Attitude,,,
18-Apr,example29,c,y,,1 - Gratitude is the Attitude,,,
19-Apr,example30,d,x,,1 - Gratitude is the Attitude,,,
20-Apr,example31,e,z,,1 - Gratitude is the Attitude,,,
21-Apr,example32,f,y,,1 - Gratitude is the Attitude,,,
22-Apr,example33,g,x,,1 - Gratitude is the Attitude,,,
23-Apr,example34,h,z,,1 - Gratitude is the Attitude,,,
24-Apr,example35,i,y,,1 - Gratitude is the Attitude,,,
25-Apr,example36,j,x,,1 - Gratitude is the Attitude,,,
26-Apr,example37,k,z,,1 - Example Session,,,
27-Apr,example38,l,y,,1 - Example Session,,,
28-Apr,example39,m,x,,1 - Example Session,,,
29-Apr,example40,n,z,,1 - Example Session,,,
30-Apr,example41,o,y,,1 - Example Session,,,
1-May,example42,p,x,,1 - Example Session,,,
2-May,example43,q,z,,1 - Example Session,,,
3-May,example44,r,y,,1 - Example Session,,,
4-May,example45,x,x,,1 - Example Session,,,
5-May,example46,t,z,,1 - Example Session,,,
6-May,example47,u,y,,1 - Example Session,,,
7-May,example48,v,x,,1 - Example Session,,,
8-May,example49,w,z,,1 - Example Session,,,
9-May,example50,x,y,,1 - Example Session,,,
10-May,example51,y,x,,1 - Example Session,,,
11-May,example52,z,z,,1 - Example Session,,,
12-May,example53,a,y,,1 - Example Session,,,
13-May,example54,b,x,,1 - Example Session,,,
14-May,example55,c,z,,1 - Example Session,,,
15-May,example56,d,y,,1 - Example Session,,,
16-May,example57,e,x,,1 - Example Session,,,
17-May,example58,f,z,,1 - Example Session,,,
18-May,example59,g,y,,1 - Example Session,,,
19-May,example60,h,x,,1 - Example Session,,,
20-May,example61,i,z,,1 - Example Session,,,
21-May,example62,j,y,,1 - Example Session,,,
22-May,example63,k,x,,1 - Example Session,,,
23-May,example64,l,z,,1 - Example Session,,,
24-May,example65,m,y,,1 - Example Session,,,
25-May,example66,n,x,,1 - Example Session,,,
26-May,example67,o,z,,1 - Example Session,,,
27-May,example68,p,y,,1 - Example Session,,,
28-May,example69,q,x,,1 - Example Session,,,
29-May,example70,r,z,,1 - Example Session,,,
30-May,example71,x,y,,1 - Example Session,,,
31-May,example72,t,x,,1 - Example Session,,,
1-Jun,example73,u,z,,1 - Example Session,,,
2-Jun,example74,v,y,,1 - Example Session,,,
3-Jun,example75,w,x,,1 - Example Session,,,
4-Jun,example76,x,z,,1 - Example Session,,,
5-Jun,example77,y,y,,1 - Example Session,,,
6-Jun,example78,z,x,,1 - Example Session,,,
7-Jun,example79,a,z,,1 - Example Session,,,
8-Jun,example80,b,y,,1 - Example Session,,,
9-Jun,example81,c,x,,1 - Example Session,,,
10-Jun,example82,d,z,,1 - Example Session,,,
11-Jun,example83,e,y,,1 - Example Session,,,
12-Jun,example84,f,x,,1 - Example Session,,,
13-Jun,example85,g,z,,1 - Example Session,,,
14-Jun,example86,h,y,,1 - Example Session,,,
15-Jun,example87,i,x,,1 - Example Session,,,
16-Jun,example88,j,z,,1 - Example Session,,,
17-Jun,example89,k,y,,1 - Example Session,,,
18-Jun,example90,l,x,,1 - Example Session,,,
19-Jun,example91,m,z,,1 - Example Session,,,
20-Jun,example92,n,y,,1 - Example Session,,,
21-Jun,example93,o,x,,1 - Example Session,,,
22-Jun,example94,p,z,,1 - Example Session,,,
23-Jun,example95,q,y,,1 - Example Session,,,
24-Jun,example96,r,x,,1 - Example Session,,,
25-Jun,example97,x,z,,1 - Example Session,,,
26-Jun,example98,t,y,,1 - Example Session,,,
27-Jun,example99,u,x,,1 - Example Session,,,
28-Jun,example100,v,z,,1 - Example Session,,,
29-Jun,example101,w,y,,1 - Example Session,,,
30-Jun,example102,x,x,,1 - Example Session,,,
1-Jul,example103,y,z,,1 - Example Session,,,
2-Jul,example104,z,y,,1 - Example Session,,,
3-Jul,example105,a,x,,1 - Example Session,,,
4-Jul,example106,b,z,,1 - Example Session,,,
5-Jul,example107,c,y,,1 - Example Session,,,
6-Jul,example108,d,x,,1 - Example Session,,,
7-Jul,example109,e,z,,1 - Example Session,,,
8-Jul,example110,f,y,,1 - Example Session,,,
9-Jul,example111,g,x,,1 - Example Session,,,
10-Jul,example112,h,z,,1 - Example Session,,,
11-Jul,example113,i,y,,1 - Example Session,,,
12-Jul,example114,j,x,,1 - Example Session,,,
13-Jul,example115,k,z,,1 - Example Session,,,
14-Jul,example116,l,y,,1 - Example Session,,,
15-Jul,example117,m,x,,1 - Example Session,,,
16-Jul,example118,n,z,,1 - Example Session,,,
17-Jul,example119,o,y,,1 - Example Session,,,
18-Jul,example120,p,x,,1 - Example Session,,,
19-Jul,example121,q,z,,1 - Example Session,,,
20-Jul,example122,r,y,,,,,
21-Jul,example123,x,x,,,,,
22-Jul,example124,t,z,,,,,
23-Jul,example125,u,y,,,,,
24-Jul,example126,v,x,,,,,
25-Jul,example127,w,z,,,,,
26-Jul,example128,x,y,,,,,
27-Jul,example129,y,x,,,,,
28-Jul,example130,z,z,,,,,
29-Jul,example131,a,y,,,,,
30-Jul,example132,b,x,,,,,
31-Jul,example133,c,z,,,,,
1-Aug,example134,d,y,,,,,
2-Aug,example135,e,x,,,,,
3-Aug,example136,f,z,,,,,
4-Aug,example137,g,y,,,,,
5-Aug,example138,h,x,,,,,
6-Aug,example139,i,z,,,,,
7-Aug,example140,j,y,,,,,
8-Aug,example141,k,x,,,,,
9-Aug,example142,l,z,,,,,
10-Aug,example143,m,y,,,,,
11-Aug,example144,n,x,,,,,
12-Aug,example145,o,z,,,,,
13-Aug,example146,p,y,,,,,
14-Aug,example147,q,x,,,,,
15-Aug,example148,r,z,,,,,
16-Aug,example149,x,y,,,,,
17-Aug,example150,t,x,,,,,
18-Aug,example151,u,z,,,,,
19-Aug,example152,v,y,,,,,
20-Aug,example153,w,x,,,,,
21-Aug,example154,x,z,,,,,
22-Aug,example155,y,y,,,,,
23-Aug,example156,z,x,,,,,
24-Aug,example157,a,z,,,,,
25-Aug,example158,b,y,,,,,
26-Aug,example159,c,x,,,,,
27-Aug,example160,d,z,,,,,
28-Aug,example161,e,y,,,,,
29-Aug,example162,f,x,,,,,
30-Aug,example163,g,z,,,,,
31-Aug,example164,h,y,,,,,
1-Sep,example165,i,x,,,,,
2-Sep,example166,j,z,,,,,
3-Sep,example167,k,y,,,,,
4-Sep,example168,l,x,,,,,
5-Sep,example169,m,z,,,,,
6-Sep,example170,n,y,,,,,
7-Sep,example171,o,x,,,,,
8-Sep,example172,p,z,,,,,
9-Sep,example173,q,y,,,,,
10-Sep,example174,r,x,,,,,
11-Sep,example175,x,z,,,,,
12-Sep,example176,t,y,,,,,
13-Sep,example177,u,x,,,,,
14-Sep,example178,v,z,,,,,
15-Sep,example179,w,y,,,,,
16-Sep,example180,x,x,,,,,
17-Sep,example181,y,z,,,,,
18-Sep,example182,z,y,,,,,
19-Sep,example183,a,x,,,,,
20-Sep,example184,b,z,,,,,
21-Sep,example185,c,y,,,,,
22-Sep,example186,d,x,,,,,
23-Sep,example187,e,z,,,,,
24-Sep,example188,f,y,,,,,
25-Sep,example189,g,x,,,,,
26-Sep,example190,h,z,,,,,
27-Sep,example191,i,y,,,,,
28-Sep,example192,j,x,,,,,
29-Sep,example193,k,z,,,,,
30-Sep,example194,l,y,,,,,
1-Oct,example195,m,x,,,,,
2-Oct,example196,n,z,,,,,
3-Oct,example197,o,y,,,,,
4-Oct,example198,p,x,,,,,
5-Oct,example199,q,z,,,,,
6-Oct,example200,r,y,,,,,
7-Oct,example201,x,x,,,,,
8-Oct,example202,t,z,,,,,
9-Oct,example203,u,y,,,,,
10-Oct,example204,v,x,,,,,
11-Oct,example205,w,z,,,,,
12-Oct,example206,x,y,,,,,
13-Oct,example207,y,x,,,,,
14-Oct,example208,z,z,,,,,
15-Oct,example209,a,y,,,,,
16-Oct,example210,b,x,,,,,
17-Oct,example211,c,z,,,,,
18-Oct,example212,d,y,,,,,
19-Oct,example213,e,x,,,,,
20-Oct,example214,f,z,,,,,
21-Oct,example215,g,y,,,,,
22-Oct,example216,h,x,,,,,
23-Oct,example217,i,z,,,,,
24-Oct,example218,j,y,,,,,
25-Oct,example219,k,x,,,,,
26-Oct,example220,l,z,,,,,
27-Oct,example221,m,y,,,,,
28-Oct,example222,n,x,,,,,
29-Oct,example223,o,z,,,,,
30-Oct,example224,p,y,,,,,
31-Oct,example225,q,x,,,,,
1-Nov,example226,r,z,,,,,
2-Nov,example227,x,y,,,,,
3-Nov,example228,t,x,,,,,
4-Nov,example229,u,z,,,,,
5-Nov,example230,v,y,,,,,
6-Nov,example231,w,x,,,,,
7-Nov,example232,x,z,,,,,
8-Nov,example233,y,y,,,,,
9-Nov,example234,z,x,,,,,
10-Nov,example235,a,z,,,,,
11-Nov,example236,b,y,,,,,
12-Nov,example237,c,x,,,,,
13-Nov,example238,d,z,,,,,
14-Nov,example239,e,y,,,,,
15-Nov,example240,f,x,,,,,
16-Nov,example241,g,z,,,,,
17-Nov,example242,h,y,,,,,
18-Nov,example243,i,x,,,,,
19-Nov,example244,j,z,,,,,
20-Nov,example245,k,y,,,,,
21-Nov,example246,l,x,,,,,
22-Nov,example247,m,z,,,,,
23-Nov,example248,n,y,,,,,
24-Nov,example249,o,x,,,,,
25-Nov,example250,p,z,,,,,
26-Nov,example251,q,y,,,,,
27-Nov,example252,r,x,,,,,
28-Nov,example253,x,z,,,,,
29-Nov,example254,t,y,,,,,
30-Nov,example255,u,x,,,,,
1-Dec,example256,v,z,,,,,
2-Dec,example257,w,y,,,,,
3-Dec,example258,x,x,,,,,
4-Dec,example259,y,z,,,,,
5-Dec,example260,z,y,,,,,
6-Dec,example261,a,x,,,,,
7-Dec,example262,b,z,,,,,
8-Dec,example263,c,y,,,,,
9-Dec,example264,d,x,,,,,
10-Dec,example265,e,z,,,,,
11-Dec,example266,f,y,,,,,
12-Dec,example267,g,x,,,,,
13-Dec,example268,h,z,,,,,
14-Dec,example269,i,y,,,,,
15-Dec,example270,j,x,,,,,
16-Dec,example271,k,z,,,,,
17-Dec,example272,l,y,,,,,
